380.0, -7.70456636774e-05, 2.00597880494e-06, 2.56934969505e-05, 1.59698732962e-05, 1.59698732962e-05, 1.59698732962e-05, 3.88980801051e-06, 2.82306103125e-06, 2.15037472188e-06, 1.69675987723e-06, 1.37506382726e-06, 1.13799430337e-06, 9.57942721559e-07, 8.17820621585e-07, 7.06552173368e-07, 6.1666595447e-07, 5.42992525755e-07, 4.81834016734e-07, 4.30496935529e-07, 3.86978537332e-07, 3.49766475663e-07, 3.17689021684e-07, 2.89831684081e-07, 2.65494550845e-07, 2.4410862759e-07, 2.25217103016e-07, 2.08441499286e-07, 1.93459704724e-07, 1.80058122976e-07, 1.68022258803e-07, 1.57107960256e-07
390.0, -7.93214642124e-05, -1.84745468155e-07, 2.68431538405e-05, 1.70699925603e-05, 1.70699925603e-05, 6.18497692056e-06, 4.19391139412e-06, 3.04063097709e-06, 2.3142432676e-06, 1.82504844943e-06, 1.47846769872e-06, 1.22324192908e-06, 1.02949987337e-06, 8.78780054541e-07, 7.59126455298e-07, 6.62495435633e-07, 5.83304180574e-07, 5.1757541926e-07, 4.62408415429e-07, 4.15644211423e-07, 3.75656000881e-07, 3.41188697804e-07, 3.11269526031e-07, 2.85130271244e-07, 2.6222568062e-07, 2.41854989809e-07, 2.23832971471e-07, 2.07749985654e-07, 1.9334529006e-07, 1.80394587921e-07, 1.68699646145e-07
400.0, -8.19141945047e-05, -2.55344163882e-06, 2.82375362621e-05, 1.83635752976e-05, 1.83635752976e-05, 6.70882183775e-06, 4.54415806328e-06, 3.29043145477e-06, 2.50201110324e-06, 1.97186193312e-06, 1.59670944874e-06, 1.32067904453e-06, 1.11125023264e-06, 9.48404059987e-07, 8.19165105941e-07, 7.14818257598e-07, 6.29323185108e-07, 5.58369291984e-07, 4.9882416331e-07, 4.48356968482e-07, 4.05206898804e-07, 3.68014133252e-07, 3.35735467199e-07, 3.07532170189e-07, 2.82755520913e-07, 2.60890610821e-07, 2.41410434645e-07, 2.2402904019e-07, 2.0847563495e-07, 1.9450647369e-07, 1.81928884218e-07
410.0, -8.47592524066e-05, -5.03365844621e-06, 2.98651964021e-05, 1.98351517153e-05, 1.98351517153e-05, 7.29491084251e-06, 4.93388854272e-06, 3.56735911186e-06, 2.70968158016e-06, 2.13400045934e-06, 1.72716545538e-06, 1.42809353551e-06, 1.20134785627e-06, 1.02511133684e-06, 8.85293450941e-07, 7.72442771725e-07, 6.79997278714e-07, 6.03278221105e-07, 5.38913397181e-07, 4.8436237721e-07, 4.3772264959e-07, 3.97531083311e-07, 3.62648784367e-07, 3.32176506128e-07, 3.05395656597e-07, 2.81736496439e-07, 2.6072741134e-07, 2.41987696342e-07, 2.25206129781e-07, 2.10184809386e-07, 1.96517977567e-07
420.0, -8.77875506852e-05, -7.50909084188e-06, 3.17012078334e-05, 2.14504466154e-05, 2.14504466154e-05, 7.92510817312e-06, 5.3500976621e-06, 3.86176392569e-06, 2.92984689679e-06, 2.30560863418e-06, 1.86510184652e-06, 1.54160192906e-06, 1.29650378324e-06, 1.10610527838e-06, 9.55095204074e-07, 8.33244442587e-07, 7.33448881567e-07, 6.50659089256e-07, 5.81270579457e-07, 5.22345600371e-07, 4.72031809526e-07, 4.28678325132e-07, 3.91049271683e-07, 3.5818814207e-07, 3.29303582274e-07, 3.03789532368e-07, 2.81134041109e-07, 2.60889186002e-07, 2.43124438444e-07, 2.26548039559e-07, 2.11982783041e-07
430.0, -9.09292235332e-05, -9.80803795445e-06, 3.37011767197e-05, 2.31501964529e-05, 2.31501964529e-05, 8.56958219522e-06, 5.77195807879e-06, 4.15849006712e-06, 3.1510216959e-06, 2.47767915378e-06, 2.00325533351e-06, 1.65520620866e-06, 1.39169537392e-06, 1.18708652766e-06, 1.02487846162e-06, 8.94022832884e-07, 7.86874853919e-07, 6.98003247563e-07, 6.23449719114e-07, 5.60286871942e-07, 5.06296995899e-07, 4.5977448194e-07, 4.19406114305e-07, 3.8414337701e-07, 3.53167478504e-07, 3.2579801303e-07, 3.01503982587e-07, 2.79818301352e-07, 2.60425412798e-07, 2.42994371049e-07, 2.27212609485e-07
440.0, -9.41142661975e-05, -1.17100381973e-05, 3.57954013792e-05, 2.48464039053e-05, 2.48464039053e-05, 9.18612698726e-06, 6.17063557977e-06, 4.43688691192e-06, 3.35771932786e-06, 2.63814803639e-06, 2.13194286132e-06, 1.76095126998e-06, 1.4802622935e-06, 1.26240861439e-06, 1.08976352363e-06, 9.50523368226e-07, 8.36533757354e-07, 7.42000257828e-07, 6.62712829081e-07, 5.95547406687e-07, 5.38147754447e-07, 4.88762233526e-07, 4.46242817893e-07, 4.08260792678e-07, 3.75320233778e-07, 3.46233546886e-07, 3.20398140964e-07, 2.97369615035e-07, 2.76750210742e-07, 2.58238967867e-07, 2.41698047145e-07
450.0, -9.72659896527e-05, -1.29701841469e-05, 3.78850641445e-05, 2.64240099636e-05, 2.64240099636e-05, 9.72271580367e-06, 6.51136723905e-06, 4.67243882588e-06, 3.53173101142e-06, 2.77291172948e-06, 2.23988072508e-06, 1.84958223772e-06, 1.55445462497e-06, 1.32549686414e-06, 1.14409952346e-06, 9.97830575006e-07, 8.78106417416e-07, 7.78835215397e-07, 6.95573701735e-07, 6.25053543551e-07, 5.64772865148e-07, 5.12849161463e-07, 4.6780199772e-07, 4.28447010768e-07, 3.93878394842e-07, 3.6334265179e-07, 3.36243173744e-07, 3.12070382506e-07, 2.90460935323e-07, 2.71197464989e-07, 2.71197464989e-07
454.0, -9.84964222977e-05, -1.32419884531e-05, 3.86920170372e-05, 2.69924099597e-05, 2.69924099597e-05, 9.90250358967e-06, 6.62329546781e-06, 4.74900861708e-06, 3.58802095614e-06, 2.81641311704e-06, 2.27468547462e-06, 1.8781482681e-06, 1.57836411379e-06, 1.34582124606e-06, 1.16160366542e-06, 1.01306733943e-06, 8.9149657427e-07, 7.90693301052e-07, 7.06157028812e-07, 6.3455343946e-07, 5.73354916724e-07, 5.20635681711e-07, 4.74898615756e-07, 4.34943758035e-07, 3.99847871499e-07, 3.6885110795e-07, 3.41335104878e-07, 3.16810917076e-07, 2.94920078724e-07, 2.75323420164e-07, 2.75323420164e-07
456.0, -9.91014558819e-05, -1.33216740589e-05, 3.90848337283e-05, 2.72588214849e-05, 2.72588214849e-05, 9.98320537128e-06, 6.67293699568e-06, 4.78275598511e-06, 3.61276285166e-06, 2.83551160677e-06, 2.28995984579e-06, 1.89068244263e-06, 1.58885274934e-06, 1.35473661954e-06, 1.16927793285e-06, 1.01975129935e-06, 8.97368807744e-07, 7.95896215689e-07, 7.10799752431e-07, 6.38723402077e-07, 5.77122703541e-07, 5.24054754068e-07, 4.78072795688e-07, 4.37803480868e-07, 4.0266138872e-07, 3.71301726174e-07, 3.43568764729e-07, 3.18891692111e-07, 2.96821723203e-07, 2.77136549827e-07, 2.77136549827e-07
458.0, -9.96982498066e-05, -1.33621336628e-05, 3.9468966875e-05, 2.75119398725e-05, 2.75119398725e-05, 1.00572479594e-05, 6.71803142461e-06, 4.81325539585e-06, 3.63507272611e-06, 2.85271781394e-06, 2.30371676194e-06, 1.90196984653e-06, 1.59829790632e-06, 1.36276512345e-06, 1.17619167453e-06, 1.02576975526e-06, 9.02656133581e-07, 8.00579845196e-07, 7.1498370828e-07, 6.42471258274e-07, 5.80506577776e-07, 5.27132870021e-07, 4.80831695503e-07, 4.40407923808e-07, 4.04827546429e-07, 3.7344739959e-07, 3.45572811753e-07, 3.20753162886e-07, 2.98595200317e-07, 2.78753084133e-07, 2.78753084133e-07
460.0, -0.000100285612031, -1.33622686764e-05, 3.98432095959e-05, 2.77507181147e-05, 2.77507181147e-05, 1.01242609006e-05, 6.75835053127e-06, 4.84035298643e-06, 3.65484015924e-06, 2.86794687636e-06, 2.31588935981e-06, 1.91195499709e-06, 1.60665060032e-06, 1.36986433334e-06, 1.18230475788e-06, 1.0310905096e-06, 9.0733229732e-07, 8.04849433655e-07, 7.18686471272e-07, 6.45792494393e-07, 5.83506480812e-07, 5.29869608272e-07, 4.8330153733e-07, 4.42638803816e-07, 4.06911779725e-07, 3.75363955203e-07, 3.47356427722e-07, 3.22405440251e-07, 3.00136698044e-07, 2.80185593042e-07, 2.80185593042e-07
462.0, -0.000100862263868, -1.33211706584e-05, 4.02063433219e-05, 2.79741422305e-05, 2.79741422305e-05, 1.01839010683e-05, 6.79368580655e-06, 4.86391056875e-06, 3.67196592879e-06, 2.88112391468e-06, 2.32641520187e-06, 1.92058674403e-06, 1.61387170097e-06, 1.37600185159e-06, 1.18758760119e-06, 1.0356872391e-06, 9.11370933803e-07, 8.08297596445e-07, 7.21860361249e-07, 6.4865113216e-07, 5.86085099746e-07, 5.32185813556e-07, 4.85422377111e-07, 4.44582988681e-07, 4.08708195857e-07, 3.77015117449e-07, 3.4889385954e-07, 3.2383633995e-07, 3.0141898861e-07, 2.81407165831e-07, 2.81407165831e-07
464.0, -0.000101426838639, -1.32381364401e-05, 4.05571447507e-05, 2.81812397586e-05, 1.66297944504e-05, 1.02358556462e-05, 6.82385082876e-06, 4.88380546695e-06, 3.68636252669e-06, 2.8921825403e-06, 2.33524341471e-06, 1.92807651637e-06, 1.61992948823e-06, 1.38123099501e-06, 1.19203495144e-06, 1.03958459261e-06, 9.14772052138e-07, 8.1130885569e-07, 7.24551210653e-07, 6.51066392242e-07, 5.88268135929e-07, 5.34169368543e-07, 4.87225351133e-07, 4.46232848428e-07, 4.1022607885e-07, 3.78411167941e-07, 3.50169984515e-07, 3.25019033734e-07, 3.02510525221e-07, 2.82396317813e-07, 2.82396317813e-07
466.0, -0.000101977882113, -1.31126815136e-05, 4.08943934085e-05, 4.08943934085e-05, 1.67191106663e-05, 1.02798459438e-05, 6.84868310502e-06, 4.89993269615e-06, 3.69795556835e-06, 2.90106706962e-06, 2.34233098449e-06, 1.93363661361e-06, 1.6247908567e-06, 1.38528029613e-06, 1.19557652794e-06, 1.04264346104e-06, 9.17484141909e-07, 8.13715365541e-07, 7.26699780199e-07, 6.52995158948e-07, 5.9000858511e-07, 5.3576246491e-07, 4.88736022617e-07, 4.47553541752e-07, 4.11434451636e-07, 3.79549171004e-07, 3.51234796386e-07, 3.25971809171e-07, 3.0339158478e-07, 2.83217962767e-07, 2.65076914591e-07
468.0, -0.000102513854892, -1.29445514636e-05, 4.12168796479e-05, 4.12168796479e-05, 1.67957539437e-05, 1.03156305661e-05, 6.86804613456e-06, 4.91220547551e-06, 3.70668629108e-06, 2.90772951077e-06, 2.34763812438e-06, 1.93798544164e-06, 1.62842811039e-06, 1.38837390886e-06, 1.19824091012e-06, 1.04496439335e-06, 9.19524962535e-07, 8.15519914835e-07, 7.28308678064e-07, 6.54463984523e-07, 5.91370871752e-07, 5.36970949078e-07, 4.89791762668e-07, 4.48577316037e-07, 4.12461816248e-07, 3.80597890057e-07, 3.51992032651e-07, 3.26679113516e-07, 3.04051188143e-07, 2.83815674648e-07, 2.65600388149e-07
470.0, -0.000103033136899, -1.27337326376e-05, 4.15234129804e-05, 4.15234129804e-05, 1.68593177906e-05, 1.03430078934e-05, 6.88183099137e-06, 4.92055679392e-06, 3.71250311759e-06, 2.91213688322e-06, 2.35113955222e-06, 1.94085220077e-06, 1.63082479008e-06, 1.39040940819e-06, 1.19999328028e-06, 1.04648696775e-06, 9.20861045283e-07, 8.16707667806e-07, 7.29371475224e-07, 6.55412313786e-07, 5.92452062318e-07, 5.3797537067e-07, 4.90458436636e-07, 4.491919695e-07, 4.12932839774e-07, 3.80911587414e-07, 3.52494311362e-07, 3.27168039135e-07, 3.04486634103e-07, 2.84119412071e-07, 2.6591237845e-07
472.0, -0.000103534034037, -1.24804488412e-05, -1.24804488412e-05, 2.88288428307e-05, 1.69094568447e-05, 1.03618189985e-05, 6.88995871817e-06, 4.92493997557e-06, 3.7153797633e-06, 2.914265081e-06, 2.35281750458e-06, 1.94222504279e-06, 1.63197051478e-06, 1.39138271441e-06, 1.20083095191e-06, 1.04721590466e-06, 9.21501354259e-07, 8.17273783682e-07, 7.298729856e-07, 6.55848134872e-07, 5.92577983774e-07, 5.38085790224e-07, 4.90797114105e-07, 4.49496072725e-07, 4.13241183719e-07, 3.81175979523e-07, 3.52729986773e-07, 3.27368676053e-07, 3.04683171052e-07, 2.8429910137e-07, 2.66018715613e-07
474.0, -0.00010401478743, -1.21851893143e-05, 4.20840075295e-05, 2.89417596927e-05, 1.69458906805e-05, 1.03719492076e-05, 6.89237556068e-06, 4.92532967088e-06, 3.71529871453e-06, 2.91410316045e-06, 2.35266287115e-06, 1.9420914205e-06, 1.63185721138e-06, 1.39128685629e-06, 1.20074846402e-06, 1.04714347369e-06, 9.21437342373e-07, 8.17218902597e-07, 7.29855709276e-07, 6.55821220667e-07, 5.92533992556e-07, 5.38049295176e-07, 4.90768635915e-07, 4.49478835473e-07, 4.1319848669e-07, 3.81153484628e-07, 3.52711536681e-07, 3.2735393215e-07, 3.04661523127e-07, 2.84246402206e-07, 2.65959050138e-07
476.0, -0.000104473583891, -1.18486804825e-05, 4.23358628635e-05, 2.90338469691e-05, 1.69684076759e-05, 1.0373329508e-05, 6.8890655386e-06, 4.92172140767e-06, 3.71225953383e-06, 2.91165277861e-06, 2.35067765993e-06, 1.94045589852e-06, 1.63048773639e-06, 1.39012301878e-06, 1.19975089281e-06, 1.04628335824e-06, 9.20682893576e-07, 8.1654847896e-07, 7.29229352064e-07, 6.55277458493e-07, 5.92070154483e-07, 5.3760939959e-07, 4.90364135662e-07, 4.49116326454e-07, 4.12875393768e-07, 3.80869047955e-07, 3.52484230296e-07, 3.27599184268e-07, 3.04366797802e-07, 2.84016508374e-07, 2.65643167713e-07
478.0, -0.000104908570113, -1.1471903306e-05, 4.25673718116e-05, 2.9104644248e-05, 1.69768650484e-05, 1.03659377503e-05, 6.88003885009e-06, 4.91413154007e-06, 3.70627731057e-06, 2.9069257472e-06, 2.34687027411e-06, 1.93732845808e-06, 1.62788878644e-06, 1.38789664666e-06, 1.19783900222e-06, 1.04462036522e-06, 9.19213011066e-07, 8.15242423804e-07, 7.28063132084e-07, 6.54242341378e-07, 5.91166266114e-07, 5.36826621693e-07, 4.89603520939e-07, 4.48425359414e-07, 4.12216962625e-07, 3.80256361766e-07, 3.51873284753e-07, 3.26551247217e-07, 3.03900166576e-07, 2.8351394063e-07, 2.65180513441e-07
480.0, -0.000105317867524, -1.10560823167e-05, 4.27775726423e-05, 2.91537878157e-05, 1.6971195723e-05, 1.03497989819e-05, 6.86533775306e-06, 4.90259860093e-06, 3.69738280628e-06, 2.89994356044e-06, 2.34126085586e-06, 1.9327149342e-06, 1.62401059392e-06, 1.38462150221e-06, 1.19500533313e-06, 1.04214680557e-06, 9.1704902326e-07, 8.13319992705e-07, 7.26341284509e-07, 6.52699614788e-07, 5.89738719635e-07, 5.35733863946e-07, 4.88422347824e-07, 4.47319959118e-07, 4.1121980717e-07, 3.7932876266e-07, 3.51014477096e-07, 3.27181487532e-07, 3.03209756847e-07, 2.82884718409e-07, 2.64534796268e-07
482.0, -0.000105699589578, -1.06026783709e-05, 4.29655757845e-05, 2.91810182984e-05, 1.69514043222e-05, 1.03249854849e-05, 6.8450344313e-06, 4.88718126416e-06, 3.68562082655e-06, 2.89074648433e-06, 2.3338761414e-06, 1.92664950068e-06, 1.61893326837e-06, 1.38029932452e-06, 1.19130238771e-06, 1.03890787473e-06, 9.14203804139e-07, 8.10812730273e-07, 7.24102902082e-07, 6.50664517919e-07, 5.87906959651e-07, 5.33844370242e-07, 4.86930144514e-07, 4.45956940894e-07, 4.09978126964e-07, 3.78307524842e-07, 3.49935052119e-07, 3.24779680164e-07, 3.02247214243e-07, 2.81979850602e-07, 2.63742656845e-07
484.0, -0.000106051860467, -1.01133779363e-05, 4.31305718357e-05, 2.9186180309e-05, 1.69175697248e-05, 1.02916156242e-05, 6.81923156215e-06, 4.86795878855e-06, 3.67105330346e-06, 2.87938085171e-06, 2.32475887978e-06, 1.91916941547e-06, 1.6126731259e-06, 1.37497241738e-06, 1.18670159814e-06, 1.03491686191e-06, 9.10694730056e-07, 8.07698237244e-07, 7.21330879686e-07, 6.48180870658e-07, 5.85665093091e-07, 5.31793819364e-07, 4.85062463023e-07, 4.44249044505e-07, 4.08405197394e-07, 3.76749962703e-07, 3.48621661455e-07, 3.23534967099e-07, 3.01074884273e-07, 2.80888748448e-07, 2.62678431239e-07
486.0, -0.000106372835031, -9.59007966832e-06, 4.32718391139e-05, 2.91692255303e-05, 1.6869844082e-05, 1.02498532221e-05, 6.78805978104e-06, 4.84502874224e-06, 3.65375332658e-06, 2.86590275249e-06, 2.31394727811e-06, 1.91028862615e-06, 1.60523905764e-06, 1.36866114918e-06, 1.18126944383e-06, 1.03019087903e-06, 9.06543854557e-07, 8.04019056424e-07, 7.18044388239e-07, 6.45228159019e-07, 5.83000821069e-07, 5.29385529199e-07, 4.82865650534e-07, 4.42228051757e-07, 4.06523751135e-07, 3.74989991606e-07, 3.46991375303e-07, 3.220430002e-07, 2.99688607443e-07, 2.79616377053e-07, 2.61476471708e-07
490.0, -0.000106913792878, -8.45004698249e-06, 4.34807797673e-05, 2.90693101416e-05, 1.67336844462e-05, 1.01420203543e-05, 6.71026651547e-06, 4.78852887514e-06, 3.61131867065e-06, 2.83288896095e-06, 2.28748026632e-06, 1.8885582595e-06, 1.58704954152e-06, 1.35320377912e-06, 1.16795280987e-06, 1.01860033776e-06, 8.96357492602e-07, 7.94998579197e-07, 7.09998478026e-07, 6.3800430246e-07, 5.76485766031e-07, 5.23464459078e-07, 4.77477323325e-07, 4.37312455095e-07, 4.02047559313e-07, 3.70903550151e-07, 3.43182578479e-07, 3.18517564054e-07, 2.96690675895e-07, 2.7662266143e-07, 2.58542272743e-07
500.0, -0.00010760446132, -5.17073295595e-06, 4.35568838956e-05, 2.8449481083e-05, 1.61739301772e-05, 9.74475197581e-06, 6.43571627441e-06, 4.59241662139e-06, 3.46487610754e-06, 2.7191362599e-06, 2.19632153419e-06, 1.81370306807e-06, 1.52439655155e-06, 1.29993373914e-06, 1.12208971863e-06, 9.78663890684e-07, 8.61265273118e-07, 7.63913297167e-07, 6.8226564823e-07, 6.13099132946e-07, 5.53986550794e-07, 5.03054441429e-07, 4.58864722401e-07, 4.2026154121e-07, 3.86351275465e-07, 3.56396394848e-07, 3.29814467219e-07, 3.06815678349e-07, 2.84849565227e-07, 2.65712302199e-07, 2.49467677316e-07
510.0, -0.00010724300092, -1.55461733785e-06, 4.29959353651e-05, 2.73634173494e-05, 1.53567147861e-05, 9.20443288155e-06, 6.07354906368e-06, 4.33671905083e-06, 3.27460413789e-06, 2.57142823214e-06, 2.07791705937e-06, 1.71648357273e-06, 1.44296540736e-06, 1.23068710095e-06, 1.0624410853e-06, 9.2677703711e-07, 8.15632589966e-07, 7.23780790189e-07, 6.46197343224e-07, 5.80717923621e-07, 5.247337334e-07, 4.77222051551e-07, 4.34666555862e-07, 3.98100355717e-07, 3.65980198852e-07, 3.37917468556e-07, 3.12413502521e-07, 2.89957389431e-07, 2.6988839955e-07, 2.51874830982e-07, 2.35375985169e-07
520.0, -0.000105800078494, 2.05237153739e-06, 4.18566312823e-05, 2.5926062358e-05, 1.43689767036e-05, 8.5776953797e-06, 5.6608240139e-06, 4.04702987713e-06, 3.05925413308e-06, 2.40417647146e-06, 1.9437627421e-06, 1.60618284876e-06, 1.3505989883e-06, 1.15211857629e-06, 9.94751563635e-07, 8.67781686146e-07, 7.63810219813e-07, 6.77560317731e-07, 6.05207791717e-07, 5.43902042985e-07, 4.91493143811e-07, 4.46338520739e-07, 4.07156066926e-07, 3.72916689897e-07, 3.42867643397e-07, 3.16332273293e-07, 2.92703967433e-07, 2.71655231688e-07, 2.52762033725e-07, 2.35812864134e-07, 2.20481664073e-07
530.0, -0.000103377346766, 5.35930933092e-06, 4.02528499611e-05, 2.4273588228e-05, 1.33014810773e-05, 7.9198043928e-06, 5.23253802651e-06, 3.74724228192e-06, 2.83631258726e-06, 2.23085476897e-06, 1.80460887705e-06, 1.49173906796e-06, 1.25469026323e-06, 1.07051078116e-06, 9.24422915203e-07, 8.06526006782e-07, 7.09957931296e-07, 6.29837609136e-07, 5.62615669238e-07, 5.05679900894e-07, 4.56950826286e-07, 4.15151653095e-07, 3.78601302133e-07, 3.46739309246e-07, 3.18783187077e-07, 2.94154895254e-07, 2.72253993093e-07, 2.52563167908e-07, 2.35050895812e-07, 2.19473632428e-07, 2.05003995807e-07
540.0, -0.000100182806924, 8.16820996205e-06, 3.83297610884e-05, 2.25388617953e-05, 1.22338209516e-05, 7.27636993909e-06, 4.81681369974e-06, 3.45645798646e-06, 2.61979570387e-06, 2.06230402554e-06, 1.66915571248e-06, 1.38026380403e-06, 1.16122245863e-06, 9.90950516503e-07, 8.55845290607e-07, 7.46780081877e-07, 6.57428693017e-07, 5.83285978783e-07, 5.21076061949e-07, 4.68346475424e-07, 4.23233704849e-07, 3.84376528195e-07, 3.5064882692e-07, 3.21185799391e-07, 2.95281979706e-07, 2.72405783172e-07, 2.52096657924e-07, 2.33961954812e-07, 2.17728726496e-07, 2.03131328774e-07, 1.8993951094e-07
550.0, -9.648280699e-05, 1.03811155442e-05, 3.62380664862e-05, 2.0833728763e-05, 1.1226214126e-05, 6.67972835405e-06, 4.43313432358e-06, 3.18791701843e-06, 2.4194980572e-06, 1.90615676149e-06, 1.54354898446e-06, 1.27682260656e-06, 1.07444937157e-06, 9.17063584768e-07, 7.92142845888e-07, 6.91268305967e-07, 6.08611548113e-07, 5.4000886113e-07, 4.82439616295e-07, 4.3363269157e-07, 3.91905002729e-07, 3.55942106643e-07, 3.24724282855e-07, 2.97446587674e-07, 2.73483013563e-07, 2.52299710619e-07, 2.33484281576e-07, 2.16704221359e-07, 2.01725124597e-07, 1.88217488258e-07, 1.75940104274e-07
560.0, -9.25516480751e-05, 1.19842195784e-05, 3.4113577676e-05, 1.92406851241e-05, 1.03171914223e-05, 6.14926436728e-06, 4.09293279793e-06, 2.94945969195e-06, 2.24129751769e-06, 1.76703900068e-06, 1.43153272018e-06, 1.18451729907e-06, 9.96990831954e-07, 8.51118319963e-07, 7.35245320922e-07, 6.41684070435e-07, 5.64997587732e-07, 5.01351902733e-07, 4.47915100792e-07, 4.02625828604e-07, 3.63910849319e-07, 3.30514302685e-07, 3.01535717951e-07, 2.76212551342e-07, 2.53972005766e-07, 2.34318675652e-07, 2.16856064487e-07, 2.01331711776e-07, 1.88593970627e-07, 1.74830263839e-07, 1.63876523161e-07
570.0, -8.86340704967e-05, 1.3021332772e-05, 3.20654924406e-05, 1.78126918127e-05, 9.52783230287e-06, 5.69402344734e-06, 3.80139458795e-06, 2.7447410525e-06, 2.0880241552e-06, 1.64722796967e-06, 1.33498422108e-06, 1.10491377326e-06, 9.30161138737e-07, 7.94147460211e-07, 6.86126523034e-07, 5.98863881812e-07, 5.27332659198e-07, 4.67950340395e-07, 4.18105808473e-07, 3.75839875842e-07, 3.39703828463e-07, 3.08550893087e-07, 2.81501843748e-07, 2.57948205146e-07, 2.37105858322e-07, 2.18793497167e-07, 2.02436836133e-07, 1.87892024537e-07, 1.74868519245e-07, 1.63148952145e-07, 1.52559466272e-07
580.0, -8.49257665058e-05, 1.35670279181e-05, 3.01729924532e-05, 1.65780366989e-05, 8.86530336575e-06, 5.31600170678e-06, 3.5595406828e-06, 2.57460820383e-06, 1.96043130354e-06, 1.54737992e-06, 1.25446739185e-06, 1.03849833377e-06, 8.74393620415e-07, 7.46618127238e-07, 6.45122186987e-07, 5.63115805095e-07, 4.9588475296e-07, 4.40064289947e-07, 3.9320123818e-07, 3.5346937429e-07, 3.1948910935e-07, 2.9019411379e-07, 2.64766483735e-07, 2.4254327274e-07, 2.2301475127e-07, 2.05754241749e-07, 1.90419561326e-07, 1.76745292926e-07, 1.64489193833e-07, 1.53479009664e-07, 1.43558841519e-07
590.0, -8.15693031268e-05, 1.37052788301e-05, 2.84877059972e-05, 1.55471513082e-05, 8.32849575645e-06, 5.01310932967e-06, 3.36602563212e-06, 2.43829628213e-06, 1.85806489793e-06, 1.46719994125e-06, 1.18977235595e-06, 9.85113825061e-07, 8.29543684796e-07, 7.08394060084e-07, 6.12138844422e-07, 5.34356900783e-07, 4.70581179064e-07, 4.1762821574e-07, 3.73166098877e-07, 3.35471599456e-07, 3.03230825515e-07, 2.75441129541e-07, 2.51321170664e-07, 2.3024408563e-07, 2.11700023782e-07, 1.9532142329e-07, 1.80778114943e-07, 1.67821385969e-07, 1.56198808633e-07, 1.4579796949e-07, 1.36250948163e-07
600.0, -7.86596983361e-05, 1.35152252073e-05, 2.70391895976e-05, 1.47192427692e-05, 7.91195923199e-06, 4.78141663196e-06, 3.21846888187e-06, 2.3343123497e-06, 1.77990707981e-06, 1.40594273636e-06, 1.14032597394e-06, 9.4430084459e-07, 7.95254540646e-07, 6.79162737385e-07, 5.8691359222e-07, 5.12359920785e-07, 4.51226864017e-07, 4.00462212207e-07, 3.5783882767e-07, 3.21697801754e-07, 2.9089896792e-07, 2.64132439184e-07, 2.40995532266e-07, 2.20779328091e-07, 2.03003643641e-07, 1.87301734538e-07, 1.73350691301e-07, 1.60905932191e-07, 1.49753119428e-07, 1.39739921924e-07, 1.30695834251e-07
610.0, -7.62542057222e-05, 1.30632894995e-05, 2.58411915508e-05, 1.4087696623e-05, 7.60880591679e-06, 4.61666155292e-06, 3.11434048817e-06, 2.26103149425e-06, 1.72481427398e-06, 1.36274505014e-06, 1.10544525088e-06, 9.15502685957e-07, 7.71054856089e-07, 6.58535181361e-07, 5.69109172103e-07, 4.96834673093e-07, 4.3756462986e-07, 3.8834471322e-07, 3.47017681422e-07, 3.11973339884e-07, 2.81996492799e-07, 2.56155358284e-07, 2.33724574244e-07, 2.14118012033e-07, 1.96883722086e-07, 1.81676468842e-07, 1.68119101115e-07, 1.56063943882e-07, 1.45254037474e-07, 1.35539535609e-07, 1.26811354465e-07
620.0, -7.4382585032e-05, 1.23998979162e-05, 2.48973719373e-05, 1.36439865456e-05, 7.41257695472e-06, 4.515167978e-06, 3.05150466809e-06, 2.21707808397e-06, 1.69181192459e-06, 1.33687218533e-06, 1.08455221534e-06, 8.98252452681e-07, 7.56558961151e-07, 6.46168347477e-07, 5.58437565379e-07, 4.8752618107e-07, 4.2937524849e-07, 3.81083926908e-07, 3.40532183688e-07, 3.06146392138e-07, 2.76731562093e-07, 2.51372226479e-07, 2.29358204158e-07, 2.10112171506e-07, 1.9320664348e-07, 1.78264234943e-07, 1.64996855329e-07, 1.5317764001e-07, 1.5317764001e-07, 1.5317764001e-07, 1.5317764001e-07
624.0, -7.37863606409e-05, 1.20834844766e-05, 2.45907025034e-05, 1.35172738149e-05, 7.3628519497e-06, 4.49166258907e-06, 3.03758257153e-06, 2.2074857365e-06, 1.68463794781e-06, 1.33125297114e-06, 1.0800148257e-06, 8.94504728172e-07, 7.53408614717e-07, 6.4348296074e-07, 5.56119730109e-07, 4.85507846556e-07, 4.27616400939e-07, 3.79506142374e-07, 3.3913133911e-07, 3.04881761439e-07, 2.75587764233e-07, 2.50330172406e-07, 2.28404522326e-07, 2.09253303632e-07, 1.92412835076e-07, 1.7753208246e-07, 1.64321668899e-07, 1.64321668899e-07, 1.64321668899e-07, 1.64321668899e-07, 1.23885425335e-07
626.0, -7.35210334942e-05, 1.19151703693e-05, 2.44524397337e-05, 1.34645735796e-05, 7.34402658909e-06, 4.48351078637e-06, 3.03299103352e-06, 2.2043791655e-06, 1.68232765615e-06, 1.32944515211e-06, 1.07855536143e-06, 8.93299552372e-07, 7.52394734809e-07, 6.42619755153e-07, 5.55375301601e-07, 4.84857182077e-07, 4.27025481749e-07, 3.78997356394e-07, 3.38669055013e-07, 3.04472929609e-07, 2.75221427401e-07, 2.50005915563e-07, 2.28106665683e-07, 2.08970296033e-07, 1.92151906211e-07, 1.77296176395e-07, 1.64109921005e-07, 1.64109921005e-07, 1.64109921005e-07, 1.64109921005e-07, 1.2371886125e-07
628.0, -7.32775510775e-05, 1.17403234507e-05, 2.4324179926e-05, 1.34189148807e-05, 7.32919408122e-06, 4.47774481109e-06, 3.02997215119e-06, 2.20239707498e-06, 1.6808657113e-06, 1.32830372359e-06, 1.07763412145e-06, 8.92538826932e-07, 7.51755743649e-07, 6.42075291533e-07, 5.54905817438e-07, 4.84446168392e-07, 4.26665509807e-07, 3.78675736972e-07, 3.3838180704e-07, 3.04214011398e-07, 2.74987454635e-07, 2.49788918338e-07, 2.27912110114e-07, 2.08792803756e-07, 1.91989956209e-07, 1.77142896355e-07, 1.63976213857e-07, 1.63976213857e-07, 1.63976213857e-07, 1.63976213857e-07, 1.23612669856e-07
630.0, -7.30558861272e-05, 1.15590695553e-05, 2.42058883674e-05, 1.33802565077e-05, 7.31833505537e-06, 4.47435767972e-06, 3.02852265291e-06, 2.20153603169e-06, 1.68025069899e-06, 1.32782714436e-06, 1.07725015894e-06, 8.92222140696e-07, 7.51490123603e-07, 6.41849184573e-07, 5.54709795341e-07, 4.84275034364e-07, 4.26513203786e-07, 3.78543644723e-07, 3.38263846397e-07, 3.04112604949e-07, 2.74890927401e-07, 2.49701344658e-07, 2.27834848772e-07, 2.08723401149e-07, 1.91926172445e-07, 1.77088996042e-07, 1.63927293011e-07, 1.63927293011e-07, 1.63927293011e-07, 1.32057289909e-07, 1.2354132975e-07
632.0, -7.28559981012e-05, 1.13715120829e-05, 1.13715120829e-05, 1.13715120829e-05, 7.31143384372e-06, 4.47334380631e-06, 3.0286405393e-06, 2.20179543577e-06, 1.68048210976e-06, 1.32801546548e-06, 1.07740316215e-06, 8.92349286357e-07, 7.51597323354e-07, 6.41940096155e-07, 5.54790104867e-07, 4.8434245938e-07, 4.26572797924e-07, 3.78597475056e-07, 3.38311755484e-07, 3.04150386253e-07, 2.74929060848e-07, 2.49738997269e-07, 2.2786509516e-07, 2.08752389143e-07, 1.91952992812e-07, 1.77115133844e-07, 1.77115133844e-07, 1.77115133844e-07, 1.77115133844e-07, 1.32141473683e-07, 1.23572644104e-07
634.0, -7.26778345046e-05, 1.11777329083e-05, 1.11777329083e-05, 1.11777329083e-05, 7.30847859927e-06, 4.47470005211e-06, 3.0303252576e-06, 2.20317543998e-06, 1.68156014259e-06, 1.32886847795e-06, 1.07809398318e-06, 8.92920488441e-07, 7.52077589024e-07, 6.42348900363e-07, 5.5514106563e-07, 4.84651557307e-07, 4.26845276863e-07, 3.78839423963e-07, 3.38528278711e-07, 3.04342740086e-07, 2.75102636557e-07, 2.49897377824e-07, 2.2800921456e-07, 2.08892477568e-07, 1.92094152166e-07, 1.77225358443e-07, 1.77225358443e-07, 1.77225358443e-07, 1.77225358443e-07, 1.32227529046e-07, 1.23670602379e-07
636.0, -7.25213315502e-05, 1.09777943457e-05, 1.09777943457e-05, 1.09777943457e-05, 7.30946106359e-06, 4.47842551126e-06, 3.03357775786e-06, 2.20567689786e-06, 1.68353668117e-06, 1.33038720553e-06, 1.07932236227e-06, 8.9394295411e-07, 7.52930032423e-07, 6.43075648994e-07, 5.55767441385e-07, 4.85198181536e-07, 4.27327117422e-07, 3.79265562251e-07, 3.38907195773e-07, 3.0468584772e-07, 2.75417359238e-07, 2.50177193712e-07, 2.2826573974e-07, 2.09117839097e-07, 1.92284418818e-07, 1.77426546846e-07, 1.77426546846e-07, 1.77426546846e-07, 1.77426546846e-07, 1.32336767062e-07, 1.23795067179e-07
638.0, -7.23864151098e-05, 1.0771737496e-05, 2.38317101516e-05, 2.38317101516e-05, 7.31437684521e-06, 4.48452162494e-06, 3.03840027223e-06, 2.20930186641e-06, 1.68625995661e-06, 1.33257288148e-06, 1.08108987728e-06, 8.95395589727e-07, 7.54157158966e-07, 6.44123555319e-07, 5.56670611954e-07, 4.85988847181e-07, 4.28020496381e-07, 3.79930000165e-07, 3.39459347279e-07, 3.0518490437e-07, 2.75864388796e-07, 2.50583712561e-07, 2.28635071647e-07, 2.0946429743e-07, 1.92604039746e-07, 1.77717594301e-07, 1.77717594301e-07, 1.77717594301e-07, 1.77717594301e-07, 1.32573429073e-07, 1.24006627446e-07
640.0, -7.22730013666e-05, 1.05595850864e-05, 2.37627477673e-05, 2.37627477673e-05, 2.37627477673e-05, 4.49299205831e-06, 3.04479654887e-06, 2.21405328444e-06, 1.6898861233e-06, 1.33542726439e-06, 1.08339758863e-06, 8.97301543642e-07, 7.55758492671e-07, 6.45487259141e-07, 5.57849181258e-07, 4.87016063275e-07, 4.28924648487e-07, 3.80682580372e-07, 3.40173475313e-07, 3.05824783308e-07, 2.76441794643e-07, 2.5110862301e-07, 2.29114435714e-07, 2.098967582e-07, 1.93004310038e-07, 1.78088585296e-07, 1.78088585296e-07, 1.78088585296e-07, 1.78088585296e-07, 1.32858803007e-07, 1.24262724488e-07
642.0, -7.21809973755e-05, 1.03413414667e-05, 2.37035581729e-05, 1.32936287893e-05, 1.32936287893e-05, 4.50384272989e-06, 3.05277171718e-06, 2.21993501643e-06, 1.69436685562e-06, 1.33895268838e-06, 1.08624732454e-06, 8.99654271708e-07, 7.57735158071e-07, 6.47172855718e-07, 5.59305259958e-07, 4.8828423623e-07, 4.30040685981e-07, 3.81671403144e-07, 3.41057885657e-07, 3.06638081297e-07, 2.77160399989e-07, 2.51762265568e-07, 2.2971040751e-07, 2.10444599238e-07, 1.93506137193e-07, 1.78550417492e-07, 1.78550417492e-07, 1.78550417492e-07, 1.78550417492e-07, 1.3321062812e-07, 1.24579441172e-07
644.0, -7.21103015205e-05, 1.01169935432e-05, 2.36541153215e-05, 1.33032397511e-05, 1.33032397511e-05, 4.51708169288e-06, 3.06233224179e-06, 2.22695200426e-06, 1.69970472439e-06, 1.34315217914e-06, 1.08964125215e-06, 9.02456558242e-07, 7.60090463255e-07, 6.4918208767e-07, 5.61039701935e-07, 4.89797808556e-07, 4.31371119357e-07, 3.82854689984e-07, 3.42113591763e-07, 3.07578478482e-07, 2.78014784916e-07, 2.52539633067e-07, 2.30421008241e-07, 2.11095747727e-07, 1.94106456045e-07, 1.7909993795e-07, 1.7909993795e-07, 1.7909993795e-07, 1.7909993795e-07, 1.33616486661e-07, 1.24968492771e-07
646.0, -7.20608038526e-05, 9.88651164209e-06, 2.36143958118e-05, 1.33197046211e-05, 1.33197046211e-05, 4.53271918937e-06, 3.07348596254e-06, 2.23510991393e-06, 1.70590510085e-06, 1.34802823036e-06, 1.09358151675e-06, 9.05711398765e-07, 7.62825306988e-07, 6.51515040017e-07, 5.63052957438e-07, 4.91550703414e-07, 4.32915697308e-07, 3.8422290838e-07, 3.43335714528e-07, 3.08664404995e-07, 2.79010401446e-07, 2.53452319154e-07, 2.31288685504e-07, 2.11843487028e-07, 1.94792093634e-07, 1.7974627231e-07, 1.7974627231e-07, 1.7974627231e-07, 1.7974627231e-07, 1.34118600303e-07, 1.25443396134e-07
648.0, -7.20323863283e-05, 9.64985042131e-06, 2.3584379161e-05, 1.33430289807e-05, 1.33430289807e-05, 4.55076755175e-06, 3.08624199953e-06, 2.24441548334e-06, 1.71297282457e-06, 1.35358571102e-06, 1.09807144956e-06, 9.09418117378e-07, 7.65942312251e-07, 6.54172192845e-07, 5.65347526418e-07, 4.9355049918e-07, 4.34679294671e-07, 3.857850136e-07, 3.44738979381e-07, 3.09919832064e-07, 2.80151843898e-07, 2.54469982664e-07, 2.32179817525e-07, 2.12700942299e-07, 1.95583052501e-07, 1.80469767751e-07, 1.67058285297e-07, 1.67058285297e-07, 1.67058285297e-07, 1.34635455666e-07, 1.25920115187e-07
650.0, -7.20249229556e-05, 9.40694981269e-06, 2.35640480548e-05, 1.33732236561e-05, 1.33732236561e-05, 4.57124114877e-06, 3.10061075117e-06, 2.25487669375e-06, 1.72091342361e-06, 1.35982776819e-06, 1.10311466272e-06, 9.13582671202e-07, 7.69443209348e-07, 6.57157542583e-07, 5.67923857213e-07, 4.95798302618e-07, 4.36657164931e-07, 3.87542020105e-07, 3.46298052506e-07, 3.11326103126e-07, 2.81416333858e-07, 2.55625192828e-07, 2.33232698304e-07, 2.13667341062e-07, 1.96470839532e-07, 1.81277431434e-07, 1.81277431434e-07, 1.81277431434e-07, 1.81277431434e-07, 1.35226609361e-07, 1.26465529556e-07
652.0, -7.20382798386e-05, 9.15773601112e-06, 2.35533884031e-05, 1.3410304609e-05, 1.3410304609e-05, 4.59415632985e-06, 3.11660381975e-06, 2.26649994353e-06, 1.72973283556e-06, 1.3667592035e-06, 1.10871564417e-06, 9.18207540957e-07, 7.73329515765e-07, 6.60469876384e-07, 5.70780034308e-07, 4.9829100181e-07, 4.38848263303e-07, 3.8948261864e-07, 3.48032260102e-07, 3.1288568201e-07, 2.82823905864e-07, 2.56904634574e-07, 2.34401097023e-07, 2.14736219842e-07, 1.97457718889e-07, 1.82189174435e-07, 1.68645526961e-07, 1.68645526961e-07, 1.68645526961e-07, 1.35817711571e-07, 1.27074479737e-07
654.0, -7.20723151426e-05, 8.90212250762e-06, 2.35523894669e-05, 1.34542928189e-05, 1.34542928189e-05, 4.61953132362e-06, 3.13423397026e-06, 2.27929628048e-06, 1.73943765958e-06, 1.37438525112e-06, 1.11487611319e-06, 9.2329590213e-07, 7.77605302009e-07, 6.64115439935e-07, 5.73926398738e-07, 5.01037366853e-07, 4.41264719827e-07, 3.91624335987e-07, 3.49948466222e-07, 3.14610712557e-07, 2.84391411098e-07, 2.58599987886e-07, 2.35693272648e-07, 2.15911997978e-07, 1.98539420222e-07, 1.83186137835e-07, 1.69569914736e-07, 1.69569914736e-07, 1.69569914736e-07, 1.69569914736e-07, 1.27821042377e-07
656.0, -7.21268789746e-05, 8.64001118572e-06, 2.35610438666e-05, 1.35052141349e-05, 1.35052141349e-05, 1.35052141349e-05, 3.15351504305e-06, 2.29327474373e-06, 1.75003516706e-06, 1.38271193136e-06, 1.12160356178e-06, 9.28851272591e-07, 7.82284328162e-07, 6.68099220302e-07, 5.77361102283e-07, 5.04031453311e-07, 4.43897005344e-07, 3.93961115334e-07, 3.52033977546e-07, 3.1648125545e-07, 2.86069419528e-07, 2.59854488365e-07, 2.37092385363e-07, 2.17214286279e-07, 1.998041936e-07, 1.84271256532e-07, 1.70572881613e-07, 1.70572881613e-07, 1.70572881613e-07, 1.70572881613e-07, 1.28605070718e-07
660.0, -7.22969511045e-05, 8.09585161015e-06, 2.3607300225e-05, 1.36279826704e-05, 1.36279826704e-05, 1.36279826704e-05, 3.19709037549e-06, 2.32482045854e-06, 1.77393898315e-06, 1.40149027721e-06, 1.13677316362e-06, 9.41376015989e-07, 7.92796685408e-07, 6.77067742321e-07, 5.85106665788e-07, 5.10787081774e-07, 4.49841167247e-07, 3.99237449972e-07, 3.56742436686e-07, 3.20711424933e-07, 2.89893080769e-07, 2.63326105712e-07, 2.40255351046e-07, 2.20097312082e-07, 2.02381523766e-07, 1.86726389497e-07, 1.72832860727e-07, 1.60463697814e-07, 1.60463697814e-07, 1.60463697814e-07, 1.60463697814e-07
670.0, -7.30692209748e-05, 6.61318411265e-06, 2.38919979069e-05, 1.40588816864e-05, 1.40588816864e-05, 1.40588816864e-05, 3.33606128578e-06, 2.42516476529e-06, 1.84989949293e-06, 1.46114010258e-06, 1.18494639598e-06, 9.81142349135e-07, 8.26210308199e-07, 7.05554822271e-07, 6.09689924822e-07, 5.32220777488e-07, 4.68702374856e-07, 4.15967750862e-07, 3.7167918848e-07, 3.34188290064e-07, 3.02017254316e-07, 2.74334771036e-07, 2.50298156861e-07, 2.29298567171e-07, 2.10840249042e-07, 1.94533736632e-07, 1.80041440714e-07, 1.67119679962e-07, 1.55557227902e-07, 1.451925549e-07, 1.451925549e-07
680.0, -7.43159769822e-05, 4.94200588788e-06, 2.44195269022e-05, 1.46719991834e-05, 1.46719991834e-05, 1.46719991834e-05, 3.51977269949e-06, 2.55744859522e-06, 1.94991461945e-06, 1.53962367176e-06, 1.2483017452e-06, 1.03343053105e-06, 8.70133079182e-07, 7.42993186365e-07, 6.4199353079e-07, 5.60387954455e-07, 4.93486765883e-07, 4.37935300373e-07, 3.91303741383e-07, 3.51766125789e-07, 3.17946918338e-07, 2.88799790863e-07, 2.63489734874e-07, 2.41380689905e-07, 2.21943580093e-07, 2.04763646267e-07, 1.89628947917e-07, 1.75895607612e-07, 1.63710530118e-07, 1.52752168467e-07, 1.42880216978e-07
690.0, -7.60041096553e-05, 3.06701232824e-06, 2.51924219029e-05, 1.54743976132e-05, 1.54743976132e-05, 1.54743976132e-05, 3.75042067903e-06, 2.7231260132e-06, 2.07500627961e-06, 1.63770617983e-06, 1.32744030802e-06, 1.09871497192e-06, 9.24964515236e-07, 7.8971851306e-07, 6.82310091018e-07, 5.95536176374e-07, 5.244057844e-07, 4.6535307747e-07, 4.15783192588e-07, 3.73758273582e-07, 3.37814752681e-07, 3.06836143958e-07, 2.79936853536e-07, 2.56435782795e-07, 2.35778764883e-07, 2.1752691416e-07, 2.013406951e-07, 1.86886438385e-07, 1.73907808797e-07, 1.62261945885e-07, 1.51787243185e-07
